{
  "SUPABASE_URL": "https://nupvjmaljnbavixhbxxi.supabase.co",
  "SUPABASE_ANON_KEY": "eyJhbGciOiJIUzI1NiIsInR5cCI6IkpXVCJ9.eyJpc3MiOiJzdXBhYmFzZSIsInJlZiI6Im51cHZqbWFsam5iYXZpeGhieHhpIiwicm9sZSI6ImFub24iLCJpYXQiOjE3NTI5MjE3NTMsImV4cCI6MjA2ODQ5Nzc1M30.ucNk6qVOzOdNz-SEdz4X80KKt7zb9em_CEHTmyj4u_4",
  "OPENAI_API_KEY": "your-openai-api-key-here",
  "GEMINI_API_KEY": "your-gemini-api-key-here",
  "ANTHROPIC_API_KEY": "your-anthropic-api-key-here",
  "PERPLEXITY_API_KEY": "your-perplexity-api-key-here"
}